Macç²¾å“åº”ç”¨åˆ†äº«,xclient.info,https://xclient.info
Macæ–¯è’‚èŠ¬å‘¨,æ–¯è’‚èŠ¬å‘¨çš„åšå®¢,http://www.sdifen.com
Macæ¯’,æ¯’,https://www.macdo.cn
MacWK,Macwk,https://macwk.com
Mac PC6,PC6.com,http://www.pc6.com/mac/soft/
èœé¸Ÿæ•™ç¨‹,runoob.com,https://www.runoob.com
å¾®ä¿¡å¼€æ”¾å¹³å°,å¾®ä¿¡å¼€æ”¾è€…å¹³å°,https://open.weixin.qq.com
å¾®ä¿¡å…¬ä¼—å¹³å°,å…¬ä¼—å·ç›¸å…³,https://developers.weixin.qq.com/doc/offiaccount/Getting_Started/Overview.html
è’²å…¬è‹±,å†…æµ‹åˆ†å‘å¹³å°,https://www.pgyer.com
ç äº‘,å›½å†…github,https://gitee.com
ä»£ç å¼€æºå¹³å°,å…¨çƒæœ€å¤§äº¤æµç¤¾åŒº,https://github.com
è‹¹æœå®¡æ ¸æŒ‡å—,è‹¹æœå®¡æ ¸çš„æ¡æ¡æ¡†æ¡†,https://developer.apple.com/cn/app-store/review/guidelines/#introduction
iOSæ ¸å¿ƒåŠ¨ç”»æŠ€å·§,åŠ¨ç”»ç›¸å…³æ–‡æ¡£,https://www.kancloud.cn/manual/ios/97759
AloneMonkey,é€†å‘ç›¸å…³,http://www.alonemonkey.com
flutterä¸­æ–‡ç½‘,Flutteræ–‡æ¡£,https://flutterchina.club/get-started/install/
RNå­¦ä¹ ç¬”è®°ğŸ“’,RNç›¸å…³repo,https://github.com/crazycodeboy/RNStudyNotes
NSHipster,OCå‘¨æŠ¥å·®ä¸å¤š,https://nshipster.cn
Cocos Creator v2.4 ç”¨æˆ·æ‰‹å†Œ,Cocos Creator æ–‡æ¡£,https://docs.cocos.com/creator/manual/zh/
Markdownå·¥å…·mdNice,mdnice,https://mdnice.com
markdownå·¥å…·Arya,Arya,https://markdown.lovejade.cn
markdownå·¥å…·è¡¨æ ¼å·¥å…·,è¡¨æ ¼æ ¼å¼è½¬æ¢,https://tableconvert.com
å›¾æ ‡å·¥åœº,logoå’Œå¯åŠ¨å›¾åŠ å·¥,https://icon.wuruihong.com
å­—ç¬¦ç”»å›¾,ascii,http://asciiflow.com
å›¾ç‰‡å‹ç¼©PNG,tiny.png,https://tinypng.com
åœ¨çº¿æŠ å›¾å·¥å…·,åœ¨çº¿æŠ å›¾,https://bgeraser.com
æ‰¾å›¾pixabay,æ‰¾å›¾,https://pixabay.com
ASCIIç”»å›¾,ASCII,http://www.kammerl.de/ascii/AsciiSignature.php
jsonæ ¼å¼åŒ–,jsonåœ¨çº¿å·¥å…·,https://www.json.cn
jsonè½¬modelå·¥å…·,json2model,https://soar-coding-life.github.io/json2modelLocalTool/index.html
æ–‡ç« ç”Ÿæˆå™¨,ç‹—å±ä¸é€šç”Ÿæˆå™¨,https://suulnnka.github.io/BullshitGenerator/index.html
emmetè¯­æ³•æ–‡æ¡£,htmlæ‹¼å†™å¿«é€Ÿæ‰‹å†Œ,https://docs.emmet.io/cheat-sheet/
wiki How,æ€ä¹ˆæ · ç»´åŸºç™¾ç§‘,https://zh.wikihow.com/
æ€ç»´å¯¼å›¾å·¥å…·,,https://gitmind.cn
è¡¨æƒ…åŒ…å®šåˆ¶,è¡¨æƒ…åŒ…DIY,https://sorry.xuty.tk/wangjingze/
å…¨å†å²,å…¨å†å²,https://www.allhistory.com
magiæ ‡ç­¾æœç´¢,æœç´¢å¼•æ“,https://magi.com
ä¸­åˆåƒå•¥,ä¸­åˆåƒä»€ä¹ˆ,https://www.zwcsm.com
åœ¨çº¿é’¢ç´ğŸ¹,è‡ªç”±é’¢ç´,https://www.autopiano.cn
æ— æŸéŸ³ä¹ğŸµ,æ— æŸéŸ³ä¹,http://music.jsososo.com/#/user
ä»£ç å›¾ç‰‡,ä»£ç å›¾ç‰‡,https://carbon.now.sh
github repoå¾½ç« ,githubçš„å¾½ç« ,https://shields.io
valineæ— åç«¯è¯„è®ºç³»ç»Ÿ,è¯„è®ºç³»ç»Ÿ,https://valine.js.org
ä¸€ä¸ªç•™è¨€å·¥å…·,èŠå¤©å·¥å…·,http://www.daovoice.io
v2ex,v2ex,https://www.v2ex.com
çœ‹é›ªè®ºå›,å®‰å…¨ç›¸å…³çš„è®ºå›,https://bbs.pediy.com
MDNæ–‡æ¡£,MDNæ–‡æ¡£,https://developer.mozilla.org/zh-CN/
RNä¸­æ–‡æ–‡æ¡£,RNæ–‡æ¡£,https://reactnative.cn/docs/getting-started/
å‰ç«¯å°è¯¾,å‰ç«¯å­¦ä¹ ,https://github.com/lefex/FE
åƒå¤ä¸€å·webå…¥é—¨repo,å‰ç«¯å…¥é—¨,https://github.com/qianguyihao/Web
goè¯­è¨€çŸ¥è¯†å›¾è°±,goçŸ¥è¯†å›¾è°±,https://www.processon.com/view/link/5a9ba4c8e4b0a9d22eb3bdf0#map
golangç¤¾åŒº,golangä¸­å›½è®ºå›,https://www.golangtc.com
åœ¨çº¿è¿è¡Œgo,go,https://golang.google.cn
goæŒ‡å—,å­¦ä¹ goè¯¾ç¨‹,https://tour.go-zh.org/moretypes/1
RxSwift,swift,http://t.swift.gg/t/rxswift-course
èˆªå“¥swiftæ•™ç¨‹,swift,https://www.hangge.com/blog/cache/category_72_1.html
å³æ—¶é€šè®¯ç›¸å…³åšå®¢,èŠå¤©ç›¸å…³,http://www.52im.net
çŸ¥è¯†å°é›†,iosç›¸å…³,https://awesome-tips.github.io
æˆ´é“­,åšå®¢,https://ming1016.github.io
Sivan Wu,Sivan Wuçš„ä¸»é¡µ,https://supergithuber.github.io
ç¾å›¢çš„æŠ€æœ¯åšå®¢,ç¾å›¢æŠ€æœ¯,https://tech.meituan.com
